"Message",Low,"已启动生成。"
"Message",Low,"项目“Unnamed_1”(默认目标):"
"Message",Low,"正在使用工具版本“4.0”进行生成。"
"Message",Low,"来自项目“C:\Users\LGB83\documents\visual studio 2015\Projects\kzhihu\kzhihuApp\Unnamed_1”的文件“C:\Program Files (x86)\MSBuild\Microsoft\.NetNative\x86\ilc\IlcInternals.targets”中的目标“PrintILCStartMessage”(目标“Build”依赖于它):"
"Message",Low,"正在使用程序集“C:\Program Files (x86)\MSBuild\Microsoft\.NetNative\x86\ilc\ilc.exe”中的“IlcMessageTask”任务。"
"Message",Low,"任务“IlcMessageTask”"
"Message",High,"正在启动 .NET Native 编译"
"Message",Low,"已完成执行任务“IlcMessageTask”的操作。"
"Message",Low,"已完成在项目“Unnamed_1”中生成目标“PrintILCStartMessage”的操作。"
"Message",Low,"来自项目“C:\Users\LGB83\documents\visual studio 2015\Projects\kzhihu\kzhihuApp\Unnamed_1”的文件“C:\Program Files (x86)\MSBuild\Microsoft\.NetNative\x86\ilc\IlcInternals.targets”中的目标“LogAppContextSwitches”(目标“SetMainTargetPaths”依赖于它):"
"Message",Low,"正在使用程序集“Microsoft.Build.Tasks.v4.0, Version=4.0.0.0, Culture=neutral, PublicKeyToken=b03f5f7f11d50a3a”中的“Message”任务。"
"Message",Low,"任务“Message”"
"Message",Normal,"AppContextSwitch: ''"
"Message",Low,"已完成执行任务“Message”的操作。"
"Message",Low,"已完成在项目“Unnamed_1”中生成目标“LogAppContextSwitches”的操作。"
"Message",Low,"来自项目“C:\Users\LGB83\documents\visual studio 2015\Projects\kzhihu\kzhihuApp\Unnamed_1”的文件“C:\Program Files (x86)\MSBuild\Microsoft\.NetNative\x86\ilc\IlcInternals.targets”中的目标“SetMainTargetPaths”(目标“CopyNativeExecutablesToOutput”依赖于它):"
"Message",Low,"已完成在项目“Unnamed_1”中生成目标“SetMainTargetPaths”的操作。"
"Message",Low,"由于条件的计算结果为 false，已跳过目标“GenerateFakeExe”；(!Exists('@(InputILTarget)'))的计算结果为(!Exists('C:\Users\LGB83\documents\visual studio 2015\Projects\kzhihu\kzhihuApp\obj\x86\Release\ilc\in\kzhihuApp.exe'))。"
"Message",Low,"来自项目“C:\Users\LGB83\documents\visual studio 2015\Projects\kzhihu\kzhihuApp\Unnamed_1”的文件“C:\Program Files (x86)\MSBuild\Microsoft\.NetNative\x86\ilc\IlcInternals.targets”中的目标“InjectCoreLibTypeForwards”(目标“RunILTransforms”依赖于它):"
"Message",Low,"正在使用程序集“Microsoft.Build.Tasks.v4.0, Version=4.0.0.0, Culture=neutral, PublicKeyToken=b03f5f7f11d50a3a”中的“MakeDir”任务。"
"Message",Low,"任务“MakeDir”"
"Message",Normal,"正在创建目录“C:\Users\LGB83\documents\visual studio 2015\Projects\kzhihu\kzhihuApp\obj\x86\Release\ilc\intermediate\TransformedCoreLib\”。"
"Message",Low,"已完成执行任务“MakeDir”的操作。"
"Message",Low,"正在使用程序集“Microsoft.Build.ILTasks”中的“ILTransformTask”任务。"
"Message",Low,"任务“ILTransformTask”"
"Message",Normal,"正在运行“InjectCoreLibTypeForwards”转换，于 12 MB 形成堆。"
"Message",Normal,"正在运行“InjectCoreLibIReflectableTypeSupport”转换，于 41 MB 形成堆。"
"Message",Normal,"正在运行“WriteAssemblies”转换，于 41 MB 形成堆。"
"Message",Normal,""
"Message",Normal,"转换摘要"
"Message",Normal,"   毫秒 | 堆增量 | 名称"
"Message",Normal,"  1256 |         29 | InjectCoreLibTypeForwards"
"Message",Normal,"   820 |         20 | WriteAssemblies"
"Message",Normal,"    18 |          0 | InjectCoreLibIReflectableTypeSupport"
"Message",Low,"已完成执行任务“ILTransformTask”的操作。"
"Message",Low,"已完成在项目“Unnamed_1”中生成目标“InjectCoreLibTypeForwards”的操作。"
"Message",Low,"已跳过目标“InjectCoreLibTypeForwards”。以前的生成已成功。"
"Message",Low,"来自项目“C:\Users\LGB83\documents\visual studio 2015\Projects\kzhihu\kzhihuApp\Unnamed_1”的文件“C:\Program Files (x86)\MSBuild\Microsoft\.NetNative\x86\ilc\IlcInternals.targets”中的目标“PreResolveTransforms”(目标“RunILTransforms”依赖于它):"
"Message",Low,"正在完全生成目标“PreResolveTransforms”。"
"Message",Low,"输出文件“C:\Users\LGB83\documents\visual studio 2015\Projects\kzhihu\kzhihuApp\obj\x86\Release\ilc\intermediate\PreMergeILTransformed\kzhihuApp.exe”不存在。"
"Message",Low,"任务“MakeDir”"
"Message",Normal,"正在创建目录“C:\Users\LGB83\documents\visual studio 2015\Projects\kzhihu\kzhihuApp\obj\x86\Release\ilc\intermediate\PreMergeILTransformed\”。"
"Message",Low,"已完成执行任务“MakeDir”的操作。"
"Message",Low,"正在使用程序集“Microsoft.Build.ILTasks”中的“AssemblyClosureTask”任务。"
"Message",Low,"任务“AssemblyClosureTask”"
"Message",Low,"已完成执行任务“AssemblyClosureTask”的操作。"
"Message",Low,"任务“ILTransformTask”"
"Message",Normal,"正在运行“ResolveSelfReferences”转换，于 37 MB 形成堆。"
"Message",Normal,"找不到程序集“C:\Users\LGB83\documents\visual studio 2015\Projects\kzhihu\kzhihuApp\obj\x86\Release\ilc\in\Microsoft.ApplicationInsights.dll”的符号。符号应放置在程序集所在的文件夹中。"
"Message",Normal,"找不到程序集“C:\Users\LGB83\documents\visual studio 2015\Projects\kzhihu\kzhihuApp\obj\x86\Release\ilc\in\Microsoft.ApplicationInsights.Extensibility.Windows.dll”的符号。符号应放置在程序集所在的文件夹中。"
"Message",Normal,"找不到程序集“C:\Users\LGB83\documents\visual studio 2015\Projects\kzhihu\kzhihuApp\obj\x86\Release\ilc\in\Microsoft.ApplicationInsights.PersistenceChannel.dll”的符号。符号应放置在程序集所在的文件夹中。"
"Message",Normal,"正在运行“RemoveDuplicateMembers”转换，于 52 MB 形成堆。"
"Message",Normal,"正在运行“GenericNameValidator”转换，于 52 MB 形成堆。"
"Message",Normal,"正在运行“PortableLib”转换，于 52 MB 形成堆。"
"Message",Normal,"正在运行“WriteAssemblies”转换，于 52 MB 形成堆。"
"Message",Normal,""
"Message",Normal,"转换摘要"
"Message",Normal,"   毫秒 | 堆增量 | 名称"
"Message",Normal,"   268 |         15 | ResolveSelfReferences"
"Message",Normal,"     9 |          0 | PortableLib"
"Message",Normal,"     2 |          0 | GenericNameValidator"
"Message",Normal,"     2 |          0 | RemoveDuplicateMembers"
"Message",Normal,"     0 |          0 | WriteAssemblies"
"Message",Low,"已完成执行任务“ILTransformTask”的操作。"
"Message",Low,"正在使用程序集“Microsoft.Build.Tasks.v4.0, Version=4.0.0.0, Culture=neutral, PublicKeyToken=b03f5f7f11d50a3a”中的“Copy”任务。"
"Message",Low,"任务“Copy”"
"Message",Normal,"正在将文件从“C:\Users\LGB83\documents\visual studio 2015\Projects\kzhihu\kzhihuApp\obj\x86\Release\ilc\in\kzhihuApp.pdb”复制到“C:\Users\LGB83\documents\visual studio 2015\Projects\kzhihu\kzhihuApp\obj\x86\Release\ilc\intermediate\PreMergeILTransformed\kzhihuApp.pdb”。"
"Message",Low,"已完成执行任务“Copy”的操作。"
"Message",Low,"任务“Copy”"
"Message",Normal,"正在将文件从“C:\Users\LGB83\documents\visual studio 2015\Projects\kzhihu\kzhihuApp\obj\x86\Release\ilc\in\kzhihuApp.exe”复制到“C:\Users\LGB83\documents\visual studio 2015\Projects\kzhihu\kzhihuApp\obj\x86\Release\ilc\intermediate\PreMergeILTransformed\kzhihuApp.exe”。"
"Message",Low,"已完成执行任务“Copy”的操作。"
"Message",Low,"由于 false 条件，已跳过任务“Copy”；('$(HasMcgPatchDlls)'=='true')计算为(''=='true')。"
"Message",Low,"已完成在项目“Unnamed_1”中生成目标“PreResolveTransforms”的操作。"
"Message",Low,"来自项目“C:\Users\LGB83\documents\visual studio 2015\Projects\kzhihu\kzhihuApp\Unnamed_1”的文件“C:\Program Files (x86)\MSBuild\Microsoft\.NetNative\x86\ilc\IlcInternals.targets”中的目标“InitInputResourceName”(目标“RunILTransforms”依赖于它):"
"Message",Low,"由于 false 条件，已跳过任务“ResolveFilePathTask”；('$(InputPath)' != '' and Exists('$(InputPath)\obj\'))计算为('C:\Users\LGB83\documents\visual studio 2015\Projects\kzhihu\kzhihuApp\obj\x86\Release\ilc\in' != '' and Exists('C:\Users\LGB83\documents\visual studio 2015\Projects\kzhihu\kzhihuApp\obj\x86\Release\ilc\in\obj\'))。"
"Message",Low,"正在使用程序集“Microsoft.Build.ILTasks”中的“ResolveFilePathTask”任务。"
"Message",Low,"任务“ResolveFilePathTask”"
"Message",Low,"已完成执行任务“ResolveFilePathTask”的操作。"
"Message",Low,"已完成在项目“Unnamed_1”中生成目标“InitInputResourceName”的操作。"
"Message",Low,"已跳过目标“PreResolveTransforms”。以前的生成已成功。"
"Message",Low,"由于条件的计算结果为 false，已跳过目标“SetForSharedInputs”；('$(UseSharedAssemblies)' == 'true')的计算结果为('false' == 'true')。"
"Message",Low,"由于条件的计算结果为 false，已跳过目标“SetForBuildSharedAssemblies”；('$(BuildSharedAssemblies)' == 'true')的计算结果为('false' == 'true')。"
"Message",Low,"来自项目“C:\Users\LGB83\documents\visual studio 2015\Projects\kzhihu\kzhihuApp\Unnamed_1”的文件“C:\Program Files (x86)\MSBuild\Microsoft\.NetNative\x86\ilc\IlcInternals.targets”中的目标“ResolveInitialReferences”(目标“RunILTransforms”依赖于它):"
"Message",Low,"任务“ResolveFilePathTask”"
"Message",Low,"已完成执行任务“ResolveFilePathTask”的操作。"
"Message",Low,"任务“ResolveFilePathTask”"
"Message",Low,"已完成执行任务“ResolveFilePathTask”的操作。"
"Message",Low,"由于 false 条件，已跳过任务“IlcErrorTask”；('@(UnresolvedManagedDllFilesErrorParameters)'!='')计算为(''!='')。"
"Message",Low,"任务“AssemblyClosureTask”"
"Message",Low,"已完成执行任务“AssemblyClosureTask”的操作。"
"Message",Low,"任务“AssemblyClosureTask”"
"Message",Low,"已完成执行任务“AssemblyClosureTask”的操作。"
"Message",Low,"正在使用程序集“Microsoft.Build.Tasks.v4.0, Version=4.0.0.0, Culture=neutral, PublicKeyToken=b03f5f7f11d50a3a”中的“RemoveDuplicates”任务。"
"Message",Low,"任务“RemoveDuplicates”"
"Message",Low,"已完成执行任务“RemoveDuplicates”的操作。"
"Message",Low,"已完成在项目“Unnamed_1”中生成目标“ResolveInitialReferences”的操作。"
"Message",Low,"来自项目“C:\Users\LGB83\documents\visual studio 2015\Projects\kzhihu\kzhihuApp\Unnamed_1”的文件“C:\Program Files (x86)\MSBuild\Microsoft\.NetNative\x86\ilc\IlcInternals.targets”中的目标“RunILTransforms”(目标“GenerateMDILResponseFileSingleFile”依赖于它):"
"Message",Low,"正在完全生成目标“RunILTransforms”。"
"Message",Low,"输出文件“C:\Users\LGB83\documents\visual studio 2015\Projects\kzhihu\kzhihuApp\obj\x86\Release\ilc\intermediate\ILTransformed\kzhihuApp.ilexe”不存在。"
"Message",Low,"任务“IlcMessageTask”"
"Message",High,"正在处理应用程序代码"
"Message",Low,"已完成执行任务“IlcMessageTask”的操作。"
"Message",Low,"正在使用程序集“C:\Program Files (x86)\MSBuild\Microsoft\.NetNative\x86\ilc\ilc.exe”中的“ValidateSimpleNamesTask”任务。"
"Message",Low,"任务“ValidateSimpleNamesTask”"
"Message",Low,"已完成执行任务“ValidateSimpleNamesTask”的操作。"
"Message",Low,"任务“MakeDir”"
"Message",Normal,"正在创建目录“C:\Users\LGB83\documents\visual studio 2015\Projects\kzhihu\kzhihuApp\obj\x86\Release\ilc\intermediate\ILTransformed\”。"
"Message",Low,"已完成执行任务“MakeDir”的操作。"
"Message",Low,"由于 false 条件，已跳过任务“MakeDir”；('$(BuildSharedAssemblies)' == 'true' And '$(InternalFeatureSwitch_ILTableOfContents)' == 'true')计算为('false' == 'true' And 'true' == 'true')。"
"Message",Low,"由于 false 条件，已跳过任务“MakeDir”；('$(BuildSharedAssemblies)' == 'true' And '$(InternalFeatureSwitch_ILTableOfContents)' == 'true')计算为('false' == 'true' And 'true' == 'true')。"
"Message",Low,"由于 false 条件，已跳过任务“IlcErrorTask”；('$(PlatformTarget)'=='')计算为('x86'=='')。"
"Message",Low,"任务“ResolveFilePathTask”"
"Message",Low,"已完成执行任务“ResolveFilePathTask”的操作。"
"Message",Low,"由于 false 条件，已跳过任务“IlcErrorTask”；('@(UnresolvedMcgSourceContractsReferencesErrorParameters)'!='')计算为(''!='')。"
"Message",Low,"任务“ResolveFilePathTask”"
"Message",Low,"已完成执行任务“ResolveFilePathTask”的操作。"
"Message",Low,"由于 false 条件，已跳过任务“IlcErrorTask”；('@(UnresolvedMcgSourceFacadeErrorParameters)'!='')计算为(''!='')。"
"Message",Low,"任务“ResolveFilePathTask”"
"Message",Low,"已完成执行任务“ResolveFilePathTask”的操作。"
"Message",Low,"任务“ResolveFilePathTask”"
"Message",Low,"已完成执行任务“ResolveFilePathTask”的操作。"
"Message",Low,"由于 false 条件，已跳过任务“IlcErrorTask”；('@(UnresolvedManagedDllFilesErrorParameters)'!='')计算为(''!='')。"
"Message",Low,"任务“AssemblyClosureTask”"
"Message",Low,"已完成执行任务“AssemblyClosureTask”的操作。"
"Message",Low,"任务“ResolveFilePathTask”"
"Message",Low,"已完成执行任务“ResolveFilePathTask”的操作。"
"Message",Low,"由于 false 条件，已跳过任务“IlcErrorTask”；('@(UnresolvedCoreAssemblyErrorParameters)'!='')计算为(''!='')。"
"Message",Low,"任务“RemoveDuplicates”"
"Message",Low,"已完成执行任务“RemoveDuplicates”的操作。"
"Message",Low,"由于 false 条件，已跳过任务“AddToNativePackageTask”；('@(NeedsClrCompression)' != '' and '$(BuildSharedAssemblies)' != 'true')计算为('' != '' and 'false' != 'true')。"
"Message",Low,"任务“MakeDir”"
"Message",Normal,"正在创建目录“C:\Users\LGB83\documents\visual studio 2015\Projects\kzhihu\kzhihuApp\obj\x86\Release\ilc\intermediate\SgGenerated”。"
"Message",Low,"已完成执行任务“MakeDir”的操作。"
"Message",Low,"正在使用程序集“Microsoft.Build.Tasks.v4.0, Version=4.0.0.0, Culture=neutral, PublicKeyToken=b03f5f7f11d50a3a”中的“WriteLinesToFile”任务。"
"Message",Low,"任务“WriteLinesToFile”"
"Message",Low,"已完成执行任务“WriteLinesToFile”的操作。"
"Message",Low,"任务“MakeDir”"
"Message",Normal,"正在创建目录“C:\Users\LGB83\documents\visual studio 2015\Projects\kzhihu\kzhihuApp\obj\x86\Release\ilc\intermediate\ResW\”。"
"Message",Low,"已完成执行任务“MakeDir”的操作。"
"Message",Low,"由于 false 条件，已跳过任务“IlcWarningTask”；('$(BuildSharedAssemblies)' != 'true' and '@(ReducerInputFiles)' == '')计算为('false' != 'true' and 'C:\Users\LGB83\documents\visual studio 2015\Projects\kzhihu\kzhihuApp\obj\x86\Release\ilc\in\Properties\Default.rd.xml' == '')。"
"Message",Low,"任务“ILTransformTask”"
"Message",Normal,"正在运行“Analysis”转换，于 27 MB 形成堆。"
"Message",Low,"正在加载 82 模块..."
"Message",Normal,"已从 12 个文件导入反射指令:"
"Message",Normal,"C:\Users\LGB83\documents\visual studio 2015\Projects\kzhihu\kzhihuApp\obj\x86\Release\ilc\in\Properties\Default.rd.xml"
"Message",Normal,"System.Diagnostics.Tracing 中的嵌入清单: Resources.System.Diagnostics.Tracing.rd.xml"
"Message",Normal,"System.Private.CoreLib 中的嵌入清单: Resources.System.Private.CoreLib.rd.xml"
"Message",Normal,"System.Private.Uri 中的嵌入清单: Resources.System.Private.Uri.rd.xml"
"Message",Normal,"System.Private.Reflection 中的嵌入清单: Resources.System.Private.Reflection.rd.xml"
"Message",Normal,"System.Private.Reflection.Core 中的嵌入清单: Resources.System.Private.Reflection.Core.rd.xml"
"Message",Normal,"System.Private.Interop 中的嵌入清单: Resources.System.Private.Interop.rd.xml"
"Message",Normal,"System.Private.DataContractSerialization 中的嵌入清单: System.Private.DataContractSerialization.Resources.System.Private.DataContractSerialization.rd.xml"
"Message",Normal,"System.Xml.ReaderWriter 中的嵌入清单: System.Xml.Resources.System.Xml.ReaderWriter.rd.xml"
"Message",Normal,"System.Runtime.Serialization.Primitives 中的嵌入清单: System.Runtime.Serialization.Primitives.Resources.System.Runtime.Serialization.Primitives.rd.xml"
"Message",Normal,"System.Xml.XmlSerializer 中的嵌入清单: System.Xml.XmlSerializer.Resources.System.Xml.XmlSerializer.rd.xml"
"Message",Normal,"Microsoft.ApplicationInsights"
"Message",Normal,"已从 1 个文件导入 XAML 根:"
"Message",Normal,"C:\Users\LGB83\documents\visual studio 2015\Projects\kzhihu\kzhihuApp\obj\x86\Release\ilc\in\kzhihuApp.xr.xml"
"Message",Normal,"正在运行“Mcg”转换，于 143 MB 形成堆。"
"Message",High,"正在计算应用程序关闭并生成互操作代码"
"Message",Normal,"  .lib 文件列表:"
"Message",Normal,"      WindowsApp.lib"
"Message",Normal,"  .lib 搜索路径列表:"
"Message",Normal,"      C:\Program Files (x86)\Windows Kits\10\lib\10.0.10240.0\um\x86"
"Message",Normal,"  正在从库中加载导出..."
"Message",Normal,"      从“C:\Program Files (x86)\Windows Kits\10\lib\10.0.10240.0\um\x86\WindowsApp.lib”读取的 2365 个导出。"
"Message",Normal,"  正在加载 82 模块..."
"Message",Normal,"  正在生成代码..."
"Message",Normal,"      正在解析 P/invokes..."
"Message",Normal,"          未能解析 P/Invoke“RhWaitForPendingFinalizers”，但指定了 ExactSpelling，默认设置为 [MRT]!RhWaitForPendingFinalizers"
"Message",Normal,"          未能解析 P/Invoke“RhCompatibleReentrantWaitAny”，但指定了 ExactSpelling，默认设置为 [MRT]!RhCompatibleReentrantWaitAny"
"Message",Normal,"          未能解析 P/Invoke“_ecvt_s”，但指定了 ExactSpelling，默认设置为 [MRT]!_ecvt_s"
"Message",Normal,"          未能解析 P/Invoke“memmove”，但指定了 ExactSpelling，默认设置为 [MRT]!memmove"
"Message",Normal,"          P/Invoke“GetLastError”已解析为 api-ms-win-core-errorhandling-l1-1-1.dll!GetLastError"
"Message",Normal,"          P/Invoke“SetLastError”已解析为 api-ms-win-core-errorhandling-l1-1-1.dll!SetLastError"
"Message",Normal,"          P/Invoke“GetLastError”已解析为 api-ms-win-core-errorhandling-l1-1-1.dll!GetLastError"
"Message",Normal,"          P/Invoke“NormalizeString”已解析为 api-ms-win-core-normalization-l1-1-0.dll!NormalizeString"
"Message",Normal,"          P/Invoke“RoInitialize”已解析为 api-ms-win-core-winrt-l1-1-0.dll!RoInitialize"
"Message",Normal,"          P/Invoke“GetCurrentThreadId”已解析为 api-ms-win-core-processthreads-l1-1-2.dll!GetCurrentThreadId"
"Message",Normal,"          P/Invoke“GetCurrentProcessId”已解析为 api-ms-win-core-processthreads-l1-1-2.dll!GetCurrentProcessId"
"Message",Normal,"          P/Invoke“EventWriteTransfer”已解析为 api-ms-win-eventing-provider-l1-1-0.dll!EventWriteTransfer"
"Message",Normal,"          P/Invoke“EventSetInformation”已解析为 api-ms-win-eventing-provider-l1-1-0.dll!EventSetInformation"
"Message",Normal,"          P/Invoke“EventRegister”已解析为 api-ms-win-eventing-provider-l1-1-0.dll!EventRegister"
"Message",Normal,"          P/Invoke“EventUnregister”已解析为 api-ms-win-eventing-provider-l1-1-0.dll!EventUnregister"
"Message",Normal,"          P/Invoke“IsValidLocaleName”已解析为 api-ms-win-core-localization-l1-2-1.dll!IsValidLocaleName"
"Message",Normal,"          P/Invoke“ResolveLocaleName”已解析为 api-ms-win-core-localization-l1-2-1.dll!ResolveLocaleName"
"Message",Normal,"          P/Invoke“FormatMessage”已解析为 api-ms-win-core-localization-l1-2-1.dll!FormatMessageA"
"Message",Normal,"          P/Invoke“GetCPInfoExW”已解析为 api-ms-win-core-localization-l1-2-1.dll!GetCPInfoExW"
"Message",Normal,"          P/Invoke“IdnToAscii”已解析为 api-ms-win-core-localization-l1-2-1.dll!IdnToAscii"
"Message",Normal,"          P/Invoke“IdnToUnicode”已解析为 api-ms-win-core-localization-l1-2-1.dll!IdnToUnicode"
"Message",Normal,"          P/Invoke“FindNLSStringEx”已解析为 api-ms-win-core-localization-l1-2-1.dll!FindNLSStringEx"
"Message",Normal,"          P/Invoke“FormatMessageW”已解析为 api-ms-win-core-localization-l1-2-1.dll!FormatMessageW"
"Message",Normal,"          P/Invoke“GetCommandLineW”已解析为 api-ms-win-core-processenvironment-l1-2-0.dll!GetCommandLineW"
"Message",Normal,"          P/Invoke“RaiseFailFastException”已解析为 api-ms-win-core-errorhandling-l1-1-3.dll!RaiseFailFastException"
"Message",Normal,"          P/Invoke“QueryPerformanceFrequency”已解析为 api-ms-win-core-profile-l1-1-0.dll!QueryPerformanceFrequency"
"Message",Normal,"          P/Invoke“QueryPerformanceCounter”已解析为 api-ms-win-core-profile-l1-1-0.dll!QueryPerformanceCounter"
"Message",Normal,"          未能解析 P/Invoke“CallingConventionConverter_GetStubs”，但指定了 ExactSpelling，默认设置为 *!CallingConventionConverter_GetStubs"
"Message",Normal,"          未能解析 P/Invoke“ConstrainedCallSupport_GetStubs”，但指定了 ExactSpelling，默认设置为 *!ConstrainedCallSupport_GetStubs"
"Message",Normal,"          P/Invoke“GetNativeSystemInfo”已解析为 api-ms-win-core-sysinfo-l1-2-1.dll!GetNativeSystemInfo"
"Message",Normal,"          P/Invoke“VirtualQuery”已解析为 api-ms-win-core-memory-l1-1-2.dll!VirtualQuery"
"Message",Normal,"          P/Invoke“CompareStringEx”已解析为 api-ms-win-core-string-l1-1-0.dll!CompareStringEx"
"Message",Normal,"          P/Invoke“CompareStringOrdinal”已解析为 api-ms-win-core-string-l1-1-0.dll!CompareStringOrdinal"
"Message",Normal,"          P/Invoke“FindStringOrdinal”已解析为 api-ms-win-core-libraryloader-l1-2-0.dll!FindStringOrdinal"
"Message",Normal,"          P/Invoke“deflateInit2_”已解析为 clrcompression.dll!deflateInit2_"
"Message",Normal,"          P/Invoke“deflateEnd”已解析为 clrcompression.dll!deflateEnd"
"Message",Normal,"          P/Invoke“inflateEnd”已解析为 clrcompression.dll!inflateEnd"
"Message",Normal,"          P/Invoke“deflate”已解析为 clrcompression.dll!deflate"
"Message",Normal,"          未能解析 P/Invoke“CoCreateInstance”，但指定了 ExactSpelling，默认设置为 api-ms-win-core-com-l1-1-0.dll!CoCreateInstance"
"Message",Normal,"          P/Invoke“QueryUnbiasedInterruptTime”已解析为 api-ms-win-core-realtime-l1-1-0.dll!QueryUnbiasedInterruptTime"
"Message",Normal,"          P/Invoke“SysFreeString”已解析为 oleaut32.dll!#6"
"Message",Normal,"          P/Invoke“GetLongPathNameW”已解析为 api-ms-win-core-file-l1-2-1.dll!GetLongPathNameW"
"Message",Normal,"          P/Invoke“GetLongPathNameW”已解析为 api-ms-win-core-file-l1-2-1.dll!GetLongPathNameW"
"Message",Normal,"          P/Invoke“GetFullPathNameW”已解析为 api-ms-win-core-file-l1-2-1.dll!GetFullPathNameW"
"Message",Normal,"          P/Invoke“GetFullPathNameW”已解析为 api-ms-win-core-file-l1-2-1.dll!GetFullPathNameW"
"Message",Normal,"          P/Invoke“RoGetBufferMarshaler”已解析为 api-ms-win-core-winrt-robuffer-l1-1-0.dll!RoGetBufferMarshaler"
"Message",Normal,"  生成的互操作代码。"
"Message",Normal,"  将代码写入到 AssemblyInfo.g.cs"
"Message",Normal,"  将代码写入到 Adapters.g.cs"
"Message",Normal,"  将代码写入到 Data.g.cs"
"Message",Normal,"  将代码写入到 Helpers.g.cs"
"Message",Normal,"  将代码写入到 ImplTypes.g.cs"
"Message",Normal,"  将代码写入到 PInvoke.g.cs"
"Message",Normal,"  将代码写入到 SafeTypes.g.cs"
"Message",Normal,"  将代码写入到 SharedStubs.g.cs"
"Message",Normal,"  将代码写入到 kzhihuApp.ITFProxy.g.cs"
"Message",Normal,"正在运行“CompileMcgSourceAndSerializationAssemblyGenerator”转换，于 237 MB 形成堆。"
"Message",High,"正在生成序列化代码"
"Message",High,"正在编译互操作代码"
"Message",Low,"正在用参数编译 MCG 输出:  /debug:""pdbonly"" /nowarn:""0436;0618;1668;1685;1701;1702"" /debug+ /nostdlib+ /optimize+ /out:""C:\Users\LGB83\documents\visual studio 2015\Projects\kzhihu\kzhihuApp\obj\x86\Release\ilc\intermediate\kzhihuApp.Interop.dll"" /pdb:""C:\Users\LGB83\documents\visual studio 2015\Projects\kzhihu\kzhihuApp\obj\x86\Release\ilc\intermediate\kzhihuApp.Interop.pdb"" /platform:""x86"" /warnaserror+ /unsafe /noconfig /nologo /target:library /define:""MCG_PRE_BUILD"" /r:""C:\Program Files (x86)\MSBuild\Microsoft\.NetNative\x86\ilc\lib\Private\System.Private.Corelib.dll"" /r:""C:\Program Files (x86)\MSBuild\Microsoft\.NetNative\x86\ilc\lib\Private\System.Private.Corelib.InteropServices.dll"" /r:""C:\Program Files (x86)\MSBuild\Microsoft\.NetNative\x86\ilc\lib\Private\System.Private.Interop.dll"" /r:""C:\Users\LGB83\documents\visual studio 2015\Projects\kzhihu\kzhihuApp\obj\x86\Release\ilc\in\System.Private.Uri.dll"" /r:""C:\Program Files (x86)\MSBuild\Microsoft\.NetNative\x86\ilc\lib\Private\System.Private.CompilerServices.ICastable.dll"" /r:""C:\Program Files (x86)\MSBuild\Microsoft\.NetNative\x86\ilc\lib\Private\System.Private.Reflection.dll"" /r:""C:\Program Files (x86)\MSBuild\Microsoft\.NetNative\x86\ilc\lib\Private\System.Private.DispatchProxy.dll"" /r:""C:\Users\LGB83\documents\visual studio 2015\Projects\kzhihu\kzhihuApp\obj\x86\Release\ilc\in\System.Reflection.DispatchProxy.dll"" /r:""C:\Users\LGB83\documents\visual studio 2015\Projects\kzhihu\kzhihuApp\obj\x86\Release\ilc\in\System.Reflection.dll"" /r:""C:\Users\LGB83\documents\visual studio 2015\Projects\kzhihu\kzhihuApp\obj\x86\Release\ilc\in\System.Runtime.dll"" /r:""C:\Users\LGB83\documents\visual studio 2015\Projects\kzhihu\kzhihuApp\obj\x86\Release\ilc\in\System.Runtime.InteropServices.dll"" /r:""C:\Users\LGB83\documents\visual studio 2015\Projects\kzhihu\kzhihuApp\obj\x86\Release\ilc\in\System.Runtime.InteropServices.WindowsRuntime.dll"" /r:""C:\Users\LGB83\documents\visual studio 2015\Projects\kzhihu\kzhihuApp\obj\x86\Release\ilc\in\System.Numerics.Vectors.dll"" /r:""C:\Users\LGB83\documents\visual studio 2015\Projects\kzhihu\kzhihuApp\obj\x86\Release\ilc\in\System.Threading.dll"" /r:""C:\Users\LGB83\documents\visual studio 2015\Projects\kzhihu\kzhihuApp\obj\x86\Release\ilc\in\System.Diagnostics.Debug.dll"" /r:""C:\Users\LGB83\documents\visual studio 2015\Projects\kzhihu\kzhihuApp\obj\x86\Release\ilc\in\System.Runtime.Handles.dll"" /r:""C:\Users\LGB83\documents\visual studio 2015\Projects\kzhihu\kzhihuApp\obj\x86\Release\ilc\in\System.Dynamic.Runtime.dll"" /r:""C:\Program Files (x86)\MSBuild\Microsoft\.NetNative\x86\ilc\lib\Private\System.Private.CoreLib.Augments.dll"" /r:""C:\Users\LGB83\documents\visual studio 2015\Projects\kzhihu\kzhihuApp\obj\x86\Release\ilc\in\System.Runtime.Extensions.dll"" /r:""C:\Users\LGB83\documents\visual studio 2015\Projects\kzhihu\kzhihuApp\obj\x86\Release\ilc\in\System.Collections.dll"" /r:""C:\Users\LGB83\documents\visual studio 2015\Projects\kzhihu\kzhihuApp\obj\x86\Release\ilc\in\System.ObjectModel.dll"" /r:""C:\Users\LGB83\documents\visual studio 2015\Projects\kzhihu\kzhihuApp\obj\x86\Release\ilc\in\System.Runtime.WindowsRuntime.dll"" /r:""C:\Users\LGB83\documents\visual studio 2015\Projects\kzhihu\kzhihuApp\obj\x86\Release\ilc\in\System.Runtime.WindowsRuntime.UI.Xaml.dll"" ""C:\Users\LGB83\documents\visual studio 2015\Projects\kzhihu\kzhihuApp\obj\x86\Release\ilc\intermediate\kzhihuApp.ITFProxy.g.cs"" ""C:\Users\LGB83\documents\visual studio 2015\Projects\kzhihu\kzhihuApp\obj\x86\Release\ilc\intermediate\kzhihuApp.Interop\Adapters.g.cs"" ""C:\Users\LGB83\documents\visual studio 2015\Projects\kzhihu\kzhihuApp\obj\x86\Release\ilc\intermediate\kzhihuApp.Interop\AssemblyInfo.g.cs"" ""C:\Users\LGB83\documents\visual studio 2015\Projects\kzhihu\kzhihuApp\obj\x86\Release\ilc\intermediate\kzhihuApp.Interop\Data.g.cs"" ""C:\Users\LGB83\documents\visual studio 2015\Projects\kzhihu\kzhihuApp\obj\x86\Release\ilc\intermediate\kzhihuApp.Interop\Helpers.g.cs"" ""C:\Users\LGB83\documents\visual studio 2015\Projects\kzhihu\kzhihuApp\obj\x86\Release\ilc\intermediate\kzhihuApp.Interop\ImplTypes.g.cs"" ""C:\Users\LGB83\documents\visual studio 2015\Projects\kzhihu\kzhihuApp\obj\x86\Release\ilc\intermediate\kzhihuApp.Interop\PInvoke.g.cs"" ""C:\Users\LGB83\documents\visual studio 2015\Projects\kzhihu\kzhihuApp\obj\x86\Release\ilc\intermediate\kzhihuApp.Interop\SafeTypes.g.cs"" ""C:\Users\LGB83\documents\visual studio 2015\Projects\kzhihu\kzhihuApp\obj\x86\Release\ilc\intermediate\kzhihuApp.Interop\SharedStubs.g.cs"""
"Message",Normal,"在多个程序集中找到类型“System.Net.Security.ProtectionLevel”。"
"Message",Normal,"file:///C:/Users/LGB83/documents/visual studio 2015/Projects/kzhihu/kzhihuApp/obj/x86/Release/ilc/in/System.Private.Networking.dll"
"Message",Normal,"file:///C:/Users/LGB83/documents/visual studio 2015/Projects/kzhihu/kzhihuApp/obj/x86/Release/ilc/in/System.Private.ServiceModel.dll"
"Message",Normal,"在多个文件夹中找到程序集“kzhihuApp.exe”。"
"Message",Normal,"file:///C:/Users/LGB83/documents/visual studio 2015/Projects/kzhihu/kzhihuApp/obj/x86/Release/ilc/intermediate/PreMergeILTransformed/kzhihuApp.exe"
"Message",Normal,"C:\Users\LGB83\documents\visual studio 2015\Projects\kzhihu\kzhihuApp\obj\x86\Release\ilc\in\kzhihuApp.exe"
"Message",Normal,"在多个程序集中找到类型“System.DBNull”。"
"Message",Normal,"file:///C:/Users/LGB83/documents/visual studio 2015/Projects/kzhihu/kzhihuApp/obj/x86/Release/ilc/in/System.Data.Common.dll"
"Message",Normal,"file:///C:/Program Files (x86)/MSBuild/Microsoft/.NetNative/x86/ilc/lib/Private/System.Private.Reflection.Core.dll"
"Message",Normal,"正在运行“DumpNativeResources”转换，于 238 MB 形成堆。"
"Message",Normal,"正在运行“ReducedCopyInitialize”转换，于 238 MB 形成堆。"
"Message",Normal,"正在运行“ReducedCopyEmptyTypes”转换，于 141 MB 形成堆。"
"Message",Normal,"正在运行“ReducedCopyPopulateTypes”转换，于 166 MB 形成堆。"
"Message",Normal,"正在运行“ReducedCopyLateMetadata”转换，于 213 MB 形成堆。"
"Message",Normal,"正在运行“ReducedCopyMethodBodies”转换，于 243 MB 形成堆。"
"Message",Normal,"正在运行“ReducedCopyComplete”转换，于 251 MB 形成堆。"
"Message",Normal,"正在运行“ReducedCopyCleanup”转换，于 248 MB 形成堆。"
"Message",Normal,"正在运行“DeveloperExperienceModeOnlyCodeRemover”转换，于 248 MB 形成堆。"
"Message",Normal,"正在运行“ComImportDetector”转换，于 248 MB 形成堆。"
"Message",Normal,"正在运行“McgAccessor”转换，于 248 MB 形成堆。"
"Message",Normal,"正在运行“McgRedirect”转换，于 250 MB 形成堆。"
"Message",Normal,"正在运行“McgRedirect”转换，于 235 MB 形成堆。"
"Message",Normal,"正在运行“McgTypeOf”转换，于 236 MB 形成堆。"
"Message",Normal,"正在运行“ExceptionMiniaturizer”转换，于 244 MB 形成堆。"
"Message",Normal,"正在运行“EventSource”转换，于 257 MB 形成堆。"
"Message",Normal,"正在运行“ValueType”转换，于 258 MB 形成堆。"
"Message",Normal,"正在运行“Attribute”转换，于 260 MB 形成堆。"
"Message",Normal,"正在运行“GetType”转换，于 261 MB 形成堆。"
"Message",Normal,"正在运行“McgFixups”转换，于 262 MB 形成堆。"
"Message",Normal,"正在运行“ResourceManagerCtor”转换，于 264 MB 形成堆。"
"Message",Normal,"正在运行“TypeofTypeHandle”转换，于 264 MB 形成堆。"
"Message",Normal,"正在运行“DispatchProxyIntrinsics”转换，于 272 MB 形成堆。"
"Message",Normal,"正在运行“StaticInitData”转换，于 272 MB 形成堆。"
"Message",Normal,"正在运行“StartupCodeInjector”转换，于 294 MB 形成堆。"
"Message",Normal,"正在运行“InjectAppContextSwitches”转换，于 294 MB 形成堆。"
"Message",Normal,"正在运行“ImplementLibraryDynamicInvokeHelpers”转换，于 294 MB 形成堆。"
"Message",Normal,"正在运行“Delegate”转换，于 294 MB 形成堆。"
"Message",Normal,"正在运行“DelegateCtorCall”转换，于 310 MB 形成堆。"
"Message",Normal,"正在运行“LazyGenerics”转换，于 312 MB 形成堆。"
"Message",Normal,"正在运行“AddReflectionBlockedAttributes”转换，于 282 MB 形成堆。"
"Message",Normal,"正在运行“DisableOptimization”转换，于 282 MB 形成堆。"
"Message",Normal,"正在运行“CreateMetadata”转换，于 282 MB 形成堆。"
"Message",Normal,"正在运行“SynchronizedMethod”转换，于 311 MB 形成堆。"
"Message",Normal,"正在运行“ReflectionInvoke”转换，于 311 MB 形成堆。"
"Message",Normal,"正在运行“ScrubOpenCalls”转换，于 312 MB 形成堆。"
"Message",Normal,"正在运行“Calli”转换，于 313 MB 形成堆。"
"Message",Normal,"正在运行“ConvertCatchIntoFilter”转换，于 324 MB 形成堆。"
"Message",Normal,"正在运行“ReflectionMappingInfoEmit”转换，于 324 MB 形成堆。"
"Message",Normal,"正在运行“ConvertManagedWinMD”转换，于 325 MB 形成堆。"
"Message",Normal,"正在运行“Reducer”转换，于 325 MB 形成堆。"
"Message",High,"正在清理未引用的代码"
"Message",Normal,"正在运行“WriteAssemblies”转换，于 339 MB 形成堆。"
"Message",Normal,""
"Message",Normal,"转换摘要"
"Message",Normal,"   毫秒 | 堆增量 | 名称"
"Message",Normal," 20410 |        116 | Analysis"
"Message",Normal,"  7040 |          1 | CompileMcgSourceAndSerializationAssemblyGenerator"
"Message",Normal,"  5491 |         94 | Mcg"
"Message",Normal,"  4820 |         17 | WriteAssemblies"
"Message",Normal,"  3861 |         14 | Reducer"
"Message",Normal,"  1151 |         47 | ReducedCopyPopulateTypes"
"Message",Normal,"  1074 |          8 | ReducedCopyMethodBodies"
"Message",Normal,"   975 |        -30 | LazyGenerics"
"Message",Normal,"   970 |         29 | CreateMetadata"
"Message",Normal,"   883 |         -3 | ReducedCopyComplete"
"Message",Normal,"   594 |        -97 | ReducedCopyInitialize"
"Message",Normal,"   582 |         13 | ExceptionMiniaturizer"
"Message",Normal,"   419 |        -15 | McgRedirect"
"Message",Normal,"   408 |         25 | ReducedCopyEmptyTypes"
"Message",Normal,"   361 |         30 | ReducedCopyLateMetadata"
"Message",Normal,"   341 |         22 | StaticInitData"
"Message",Normal,"   305 |          8 | McgTypeOf"
"Message",Normal,"   244 |         11 | Calli"
"Message",Normal,"   209 |          8 | TypeofTypeHandle"
"Message",Normal,"   195 |          1 | McgRedirect"
"Message",Normal,"   192 |         16 | Delegate"
"Message",Normal,"   128 |          2 | DelegateCtorCall"
"Message",Normal,"    96 |          1 | GetType"
"Message",Normal,"    83 |          1 | EventSource"
"Message",Normal,"    78 |          2 | McgFixups"
"Message",Normal,"    69 |          0 | SynchronizedMethod"
"Message",Normal,"    69 |          2 | McgAccessor"
"Message",Normal,"    68 |          0 | StartupCodeInjector"
"Message",Normal,"    38 |          2 | ValueType"
"Message",Normal,"    37 |          1 | ScrubOpenCalls"
"Message",Normal,"    28 |          0 | DeveloperExperienceModeOnlyCodeRemover"
"Message",Normal,"    28 |          0 | DispatchProxyIntrinsics"
"Message",Normal,"    24 |          1 | ReflectionInvoke"
"Message",Normal,"    18 |          0 | ImplementLibraryDynamicInvokeHelpers"
"Message",Normal,"    18 |          0 | ConvertCatchIntoFilter"
"Message",Normal,"    17 |          0 | DumpNativeResources"
"Message",Normal,"    13 |          1 | ReflectionMappingInfoEmit"
"Message",Normal,"    12 |          1 | Attribute"
"Message",Normal,"     7 |          0 | ResourceManagerCtor"
"Message",Normal,"     6 |          0 | AddReflectionBlockedAttributes"
"Message",Normal,"     3 |          0 | ComImportDetector"
"Message",Normal,"     3 |          0 | InjectAppContextSwitches"
"Message",Normal,"     2 |          0 | DisableOptimization"
"Message",Normal,"     0 |          0 | ConvertManagedWinMD"
"Message",Normal,"     0 |          0 | ReducedCopyCleanup"
"Message",Low,"已完成执行任务“ILTransformTask”的操作。"
"Message",Low,"由于 false 条件，已跳过任务“WriteLinesToFile”；('$(BuildSharedAssemblies)' == 'true')计算为('false' == 'true')。"
"Message",Low,"已完成在项目“Unnamed_1”中生成目标“RunILTransforms”的操作。"
"Message",Low,"由于条件的计算结果为 false，已跳过目标“CheckSharedAssemblyClosure”；('$(BuildSharedAssemblies)' == 'true')的计算结果为('false' == 'true')。"
"Message",Low,"由于条件的计算结果为 false，已跳过目标“MergePgoCounts”；('$(Pgu)'=='true' and '$(MultiPhasePgd)'!='true')的计算结果为('false'=='true' and 'false'!='true')。"
"Message",Low,"来自项目“C:\Users\LGB83\documents\visual studio 2015\Projects\kzhihu\kzhihuApp\Unnamed_1”的文件“C:\Program Files (x86)\MSBuild\Microsoft\.NetNative\x86\ilc\IlcInternals.targets”中的目标“GenerateMDILResponseFileSingleFile”(目标“GenerateMDILSingleFile”依赖于它):"
"Message",Low,"正在完全生成目标“GenerateMDILResponseFileSingleFile”。"
"Message",Low,"输出文件“C:\Users\LGB83\documents\visual studio 2015\Projects\kzhihu\kzhihuApp\obj\x86\Release\ilc\intermediate\nutcargs.rsp”不存在。"
"Message",Low,"任务“IlcMessageTask”"
"Message",High,"正在生成本机代码"
"Message",Low,"已完成执行任务“IlcMessageTask”的操作。"
"Message",Low,"任务“MakeDir”"
"Message",Normal,"正在创建目录“C:\Users\LGB83\documents\visual studio 2015\Projects\kzhihu\kzhihuApp\obj\x86\Release\ilc\intermediate\MDIL\”。"
"Message",Low,"已完成执行任务“MakeDir”的操作。"
"Message",Low,"任务“WriteLinesToFile”"
"Message",Low,"已完成执行任务“WriteLinesToFile”的操作。"
"Message",Low,"已完成在项目“Unnamed_1”中生成目标“GenerateMDILResponseFileSingleFile”的操作。"
"Message",Low,"来自项目“C:\Users\LGB83\documents\visual studio 2015\Projects\kzhihu\kzhihuApp\Unnamed_1”的文件“C:\Program Files (x86)\MSBuild\Microsoft\.NetNative\x86\ilc\IlcInternals.targets”中的目标“GenerateMDILSingleFile”(目标“GenerateMDIL”依赖于它):"
"Message",Low,"正在完全生成目标“GenerateMDILSingleFile”。"
"Message",Low,"输出文件“C:\Users\LGB83\documents\visual studio 2015\Projects\kzhihu\kzhihuApp\obj\x86\Release\ilc\intermediate\MDIL\kzhihuApp.mdilexe”不存在。"
"Message",Low,"正在使用程序集“Microsoft.Build.ILTasks”中的“StartProcessTask”任务。"
"Message",Low,"任务“StartProcessTask”"
"Message",Normal,"正在启动“C:\Program Files (x86)\MSBuild\Microsoft\.NetNative\x86\ilc\Tools\nutc_driver.exe @""C:\Users\LGB83\documents\visual studio 2015\Projects\kzhihu\kzhihuApp\obj\x86\Release\ilc\intermediate\nutcargs.rsp""”"
"Message",Low,"Microsoft (R) MDIL Compiler - Version 1.0.23309.00"
"Message",Low,"Copyright (c) Microsoft Corporation.  All rights reserved."
"Message",Low,"姝ｅ湪鎵弿杈撳叆绫诲瀷"
"Message",Low,"姝ｅ湪鎵弿 5390 鏂规硶銆?"
"Message",Low,"姝ｅ湪鎵弿 3669 鏂规硶銆?"
"Message",Low,"姝ｅ湪鎵弿 2683 鏂规硶銆?"
"Message",Low,"姝ｅ湪鎵弿 2088 鏂规硶銆?"
"Message",Low,"姝ｅ湪鎵弿 4541 鏂规硶銆?"
"Message",Low,"姝ｅ湪鎵弿 3849 鏂规硶銆?"
"Message",Low,"姝ｅ湪鎵弿 3323 鏂规硶銆?"
"Message",Low,"姝ｅ湪鎵弿 2354 鏂规硶銆?"
"Message",Low,"姝ｅ湪鎵弿 1472 鏂规硶銆?"
"Message",Low,"姝ｅ湪鎵弿 1136 鏂规硶銆?"
"Message",Low,"姝ｅ湪鎵弿 777 鏂规硶銆?"
"Message",Low,"姝ｅ湪鎵弿 483 鏂规硶銆?"
"Message",Low,"姝ｅ湪鎵弿 275 鏂规硶銆?"
"Message",Low,"姝ｅ湪鎵弿 181 鏂规硶銆?"
"Message",Low,"姝ｅ湪鎵弿 136 鏂规硶銆?"
"Message",Low,"姝ｅ湪鎵弿 184 鏂规硶銆?"
"Message",Low,"姝ｅ湪鎵弿 170 鏂规硶銆?"
"Message",Low,"姝ｅ湪鎵弿 125 鏂规硶銆?"
"Message",Low,"姝ｅ湪鎵弿 65 鏂规硶銆?"
"Message",Low,"姝ｅ湪鎵弿 24 鏂规硶銆?"
"Message",Low,"姝ｅ湪鎵弿 17 鏂规硶銆?"
"Message",Low,"姝ｅ湪鎵弿 12 鏂规硶銆?"
"Message",Low,"姝ｅ湪鎵弿 12 鏂规硶銆?"
"Message",Low,"姝ｅ湪鎵弿 8 鏂规硶銆?"
"Message",Low,"姝ｅ湪鎵弿 8 鏂规硶銆?"
"Message",Low,"姝ｅ湪鎵弿 2 鏂规硶銆?"
"Message",Low,"杩垏鐢熸垚浠ｇ爜"
"Message",Low,"姝ｅ湪缂栬瘧 32984 鏂规硶銆?"
"Message",Low,"寤惰繜鐢熸垚浠ｇ爜"
"Message",Low,"宸叉垚鍔熺敓鎴愨€淐:\Users\LGB83\documents\visual studio 2015\Projects\kzhihu\kzhihuApp\obj\x86\Release\ilc\intermediate\MDIL\kzhihuApp.mdilexe鈥?"
"Message",Low,"宸叉垚鍔熺敓鎴愨€淐:\Users\LGB83\documents\visual studio 2015\Projects\kzhihu\kzhihuApp\obj\x86\Release\ilc\intermediate\MDIL\kzhihuApp.mdilpdb鈥?"
"Message",Normal,"“C:\Program Files (x86)\MSBuild\Microsoft\.NetNative\x86\ilc\Tools\nutc_driver.exe @""C:\Users\LGB83\documents\visual studio 2015\Projects\kzhihu\kzhihuApp\obj\x86\Release\ilc\intermediate\nutcargs.rsp""”已完成。"
"Message",Normal,"进程执行统计(所有时间均以毫秒为单位)"
"Message",Normal,"-----------------------------------------------------------------------------"
"Message",Normal,"启动  |  开始   |   停止   |   结束    | 持续时间 | 生存期 | [槽] 名称"
"Message",Normal,"-----------------------------------------------------------------------------"
"Message",Normal,"       0 |       16 |    60281 |    60281 |    60265 |    60281 | [0] Nutc SingleFile"
"Message",Normal,"命令数:      1"
"Message",Normal,"总系统时间:       60281 毫秒"
"Message",Normal,"每命令系统时间: 60281 毫秒"
"Message",Normal,"总持续时间:          60265 毫秒"
"Message",Normal,"总生存时间:          60281 毫秒"
"Message",Normal,"请求的 DOP:           4"
"Message",Normal,"持续时间 DOP:            1.0"
"Message",Normal,"生存时间 DOP:            1.0"
"Message",Low,"已完成执行任务“StartProcessTask”的操作。"
"Message",Low,"已完成在项目“Unnamed_1”中生成目标“GenerateMDILSingleFile”的操作。"
"Message",Low,"来自项目“C:\Users\LGB83\documents\visual studio 2015\Projects\kzhihu\kzhihuApp\Unnamed_1”的文件“C:\Program Files (x86)\MSBuild\Microsoft\.NetNative\x86\ilc\IlcInternals.targets”中的目标“GenerateMDIL”(目标“MDILBindPrepare”依赖于它):"
"Message",Normal,"正在跳过目标“GenerateMDIL”，因为所有输出文件相对于输入文件而言都是最新的。"
"Message",Low,"输入文件: C:\Users\LGB83\documents\visual studio 2015\Projects\kzhihu\kzhihuApp\obj\x86\Release\ilc\intermediate\nutcargs.rsp"
"Message",Low,"输出文件: C:\Users\LGB83\documents\visual studio 2015\Projects\kzhihu\kzhihuApp\obj\x86\Release\ilc\intermediate\MDIL\kzhihuApp.mdilexe;C:\Users\LGB83\documents\visual studio 2015\Projects\kzhihu\kzhihuApp\obj\x86\Release\ilc\intermediate\MDIL\kzhihuApp.mdilpdb"
"Message",Low,"已完成在项目“Unnamed_1”中生成目标“GenerateMDIL”的操作。"
"Message",Low,"来自项目“C:\Users\LGB83\documents\visual studio 2015\Projects\kzhihu\kzhihuApp\Unnamed_1”的文件“C:\Program Files (x86)\MSBuild\Microsoft\.NetNative\x86\ilc\IlcInternals.targets”中的目标“GenerateBuildInfo”(目标“MDILBindPrepare”依赖于它):"
"Message",Low,"正在完全生成目标“GenerateBuildInfo”。"
"Message",Low,"输出文件“C:\Users\LGB83\documents\visual studio 2015\Projects\kzhihu\kzhihuApp\obj\x86\Release\ilc\intermediate\Native.res”不存在。"
"Message",Low,"任务“StartProcessTask”"
"Message",Normal,"正在启动“C:\Program Files (x86)\Windows Kits\10\bin\x86\rc.exe /c 65001 /r /fo ""C:\Users\LGB83\documents\visual studio 2015\Projects\kzhihu\kzhihuApp\obj\x86\Release\ilc\intermediate\BuildInfo\BuildInfo.res"" ""C:\Users\LGB83\documents\visual studio 2015\Projects\kzhihu\kzhihuApp\obj\x86\Release\ilc\intermediate\BuildInfo\BuildInfo.rc""”"
"Message",Low,"Microsoft (R) Windows (R) Resource Compiler Version 10.0.10011.16384"
"Message",Low,"Copyright (C) Microsoft Corporation.  All rights reserved."
"Message",Normal,"“C:\Program Files (x86)\Windows Kits\10\bin\x86\rc.exe /c 65001 /r /fo ""C:\Users\LGB83\documents\visual studio 2015\Projects\kzhihu\kzhihuApp\obj\x86\Release\ilc\intermediate\BuildInfo\BuildInfo.res"" ""C:\Users\LGB83\documents\visual studio 2015\Projects\kzhihu\kzhihuApp\obj\x86\Release\ilc\intermediate\BuildInfo\BuildInfo.rc""”已完成。"
"Message",Normal,"进程执行统计(所有时间均以毫秒为单位)"
"Message",Normal,"-----------------------------------------------------------------------------"
"Message",Normal,"启动  |  开始   |   停止   |   结束    | 持续时间 | 生存期 | [槽] 名称"
"Message",Normal,"-----------------------------------------------------------------------------"
"Message",Normal,"       0 |       16 |       94 |       94 |       78 |       94 | [0] RC"
"Message",Normal,"命令数:      1"
"Message",Normal,"总系统时间:       94 毫秒"
"Message",Normal,"每命令系统时间: 94 毫秒"
"Message",Normal,"总持续时间:          78 毫秒"
"Message",Normal,"总生存时间:          94 毫秒"
"Message",Normal,"请求的 DOP:           4"
"Message",Normal,"持续时间 DOP:            0.8"
"Message",Normal,"生存时间 DOP:            1.0"
"Message",Low,"已完成执行任务“StartProcessTask”的操作。"
"Message",Low,"正在使用程序集“Microsoft.Build.ILTasks”中的“BinaryConcatenateTask”任务。"
"Message",Low,"任务“BinaryConcatenateTask”"
"Message",Normal,"正在用对齐值“4”连接到“C:\Users\LGB83\documents\visual studio 2015\Projects\kzhihu\kzhihuApp\obj\x86\Release\ilc\intermediate\Native.res”。"
"Message",Normal,"在偏移量“0”处添加了“C:\Users\LGB83\documents\visual studio 2015\Projects\kzhihu\kzhihuApp\obj\x86\Release\ilc\intermediate\ILTransformed\kzhihuApp.res”。"
"Message",Normal,"在偏移量“1384”处添加了“C:\Users\LGB83\documents\visual studio 2015\Projects\kzhihu\kzhihuApp\obj\x86\Release\ilc\intermediate\BuildInfo\BuildInfo.res”。"
"Message",Low,"已完成执行任务“BinaryConcatenateTask”的操作。"
"Message",Low,"已完成在项目“Unnamed_1”中生成目标“GenerateBuildInfo”的操作。"
"Message",Low,"来自项目“C:\Users\LGB83\documents\visual studio 2015\Projects\kzhihu\kzhihuApp\Unnamed_1”的文件“C:\Program Files (x86)\MSBuild\Microsoft\.NetNative\x86\ilc\IlcInternals.targets”中的目标“MDILBindPrepare”(目标“MDILBindCreateResponseFiles”依赖于它):"
"Message",Low,"任务“MakeDir”"
"Message",Normal,"正在创建目录“C:\Users\LGB83\documents\visual studio 2015\Projects\kzhihu\kzhihuApp\obj\x86\Release\ilc\intermediate\Native\”。"
"Message",Low,"已完成执行任务“MakeDir”的操作。"
"Message",Low,"由于 false 条件，已跳过任务“StartProcessTask”；('$(Pgi)'=='true')计算为('false'=='true')。"
"Message",Low,"已完成在项目“Unnamed_1”中生成目标“MDILBindPrepare”的操作。"
"Message",Low,"来自项目“C:\Users\LGB83\documents\visual studio 2015\Projects\kzhihu\kzhihuApp\Unnamed_1”的文件“C:\Program Files (x86)\MSBuild\Microsoft\.NetNative\x86\ilc\IlcInternals.targets”中的目标“MDILBindCreateResponseFiles”(目标“MDILBind”依赖于它):"
"Message",Low,"正在完全生成目标“MDILBindCreateResponseFiles”。"
"Message",Low,"输出文件“C:\Users\LGB83\documents\visual studio 2015\Projects\kzhihu\kzhihuApp\obj\x86\Release\ilc\intermediate\rhbindargs.kzhihuApp.rsp”不存在。"
"Message",Low,"任务“WriteLinesToFile”"
"Message",Low,"已完成执行任务“WriteLinesToFile”的操作。"
"Message",Low,"已完成在项目“Unnamed_1”中生成目标“MDILBindCreateResponseFiles”的操作。"
"Message",Low,"来自项目“C:\Users\LGB83\documents\visual studio 2015\Projects\kzhihu\kzhihuApp\Unnamed_1”的文件“C:\Program Files (x86)\MSBuild\Microsoft\.NetNative\x86\ilc\IlcInternals.targets”中的目标“MDILBind”(目标“CopyNativeExecutablesToOutput”依赖于它):"
"Message",Low,"正在完全生成目标“MDILBind”。"
"Message",Low,"输出文件“C:\Users\LGB83\documents\visual studio 2015\Projects\kzhihu\kzhihuApp\obj\x86\Release\ilc\intermediate\Native\kzhihuApp.exe”不存在。"
"Message",Low,"任务“IlcMessageTask”"
"Message",High,"正在生成本机代码的链接地址信息"
"Message",Low,"已完成执行任务“IlcMessageTask”的操作。"
"Message",Low,"任务“StartProcessTask”"
"Message",Normal,"正在启动“C:\Program Files (x86)\MSBuild\Microsoft\.NetNative\x86\ilc\Tools\rhbind.exe @""C:\Users\LGB83\documents\visual studio 2015\Projects\kzhihu\kzhihuApp\obj\x86\Release\ilc\intermediate\rhbindargs.kzhihuApp.rsp""”"
"Message",Low,"OS VERSION: major: 6  minor: 2"
"Message",Low,"MDIL: C:\Users\LGB83\documents\visual studio 2015\Projects\kzhihu\kzhihuApp\obj\x86\Release\ilc\intermediate\MDIL\kzhihuApp.mdilexe"
"Message",Low,"MDILPDB: C:\Users\LGB83\documents\visual studio 2015\Projects\kzhihu\kzhihuApp\obj\x86\Release\ilc\intermediate\MDIL\kzhihuApp.mdilpdb"
"Message",Low,"IL: C:\Users\LGB83\documents\visual studio 2015\Projects\kzhihu\kzhihuApp\obj\x86\Release\ilc\intermediate\MDIL\kzhihuApp.ilexe"
"Message",Low,"NI: C:\Users\LGB83\documents\visual studio 2015\Projects\kzhihu\kzhihuApp\obj\x86\Release\ilc\intermediate\Native\kzhihuApp.dll"
"Message",Low,"SHIM: C:\Users\LGB83\documents\visual studio 2015\Projects\kzhihu\kzhihuApp\obj\x86\Release\ilc\intermediate\Native\kzhihuApp.exe"
"Message",Low,"REDHAWK_RUNTIME_DLL_NAME_A=mrt100_app.dll"
"Message",Low,"pdb: C:\Users\LGB83\documents\visual studio 2015\Projects\kzhihu\kzhihuApp\obj\x86\Release\ilc\intermediate\Native\kzhihuApp.pdb"
"Message",Low,"Produced C:\Users\LGB83\documents\visual studio 2015\Projects\kzhihu\kzhihuApp\obj\x86\Release\ilc\intermediate\Native\kzhihuApp.dll in 3.098 seconds"
"Message",Normal,"“C:\Program Files (x86)\MSBuild\Microsoft\.NetNative\x86\ilc\Tools\rhbind.exe @""C:\Users\LGB83\documents\visual studio 2015\Projects\kzhihu\kzhihuApp\obj\x86\Release\ilc\intermediate\rhbindargs.kzhihuApp.rsp""”已完成。"
"Message",Normal,"进程执行统计(所有时间均以毫秒为单位)"
"Message",Normal,"-----------------------------------------------------------------------------"
"Message",Normal,"启动  |  开始   |   停止   |   结束    | 持续时间 | 生存期 | [槽] 名称"
"Message",Normal,"-----------------------------------------------------------------------------"
"Message",Normal,"       0 |       15 |     3172 |     3172 |     3157 |     3172 | [0] rhbind kzhihuApp"
"Message",Normal,"命令数:      1"
"Message",Normal,"总系统时间:       3172 毫秒"
"Message",Normal,"每命令系统时间: 3172 毫秒"
"Message",Normal,"总持续时间:          3157 毫秒"
"Message",Normal,"总生存时间:          3172 毫秒"
"Message",Normal,"请求的 DOP:           4"
"Message",Normal,"持续时间 DOP:            1.0"
"Message",Normal,"生存时间 DOP:            1.0"
"Message",Low,"已完成执行任务“StartProcessTask”的操作。"
"Message",Low,"由于 false 条件，已跳过任务“Move”；('$(PdbPath)'!='')计算为(''!='')。"
"Message",Low,"已完成在项目“Unnamed_1”中生成目标“MDILBind”的操作。"
"Message",Low,"来自项目“C:\Users\LGB83\documents\visual studio 2015\Projects\kzhihu\kzhihuApp\Unnamed_1”的文件“C:\Program Files (x86)\MSBuild\Microsoft\.NetNative\x86\ilc\IlcInternals.targets”中的目标“CopyNativeExecutablesToOutput”(目标“Build”依赖于它):"
"Message",Low,"正在使用程序集“C:\Program Files (x86)\MSBuild\Microsoft\.NetNative\x86\ilc\ilc.exe”中的“AddToNativePackageTask”任务。"
"Message",Low,"任务“AddToNativePackageTask”"
"Message",Low,"已完成执行任务“AddToNativePackageTask”的操作。"
"Message",Low,"任务“AddToNativePackageTask”"
"Message",Low,"已完成执行任务“AddToNativePackageTask”的操作。"
"Message",Low,"由于 false 条件，已跳过任务“AddToNativePackageTask”；('$(BuildSharedAssemblies)' != 'true' and '$(AllowAppLocalMrt)' == 'true')计算为('false' != 'true' and 'false' == 'true')。"
"Message",Low,"由于 false 条件，已跳过任务“AddToNativePackageTask”；('$(BuildSharedAssemblies)' == 'true')计算为('false' == 'true')。"
"Message",Low,"由于 false 条件，已跳过任务“AddToNativePackageTask”；('$(BuildSharedAssemblies)' == 'true')计算为('false' == 'true')。"
"Message",Low,"由于 false 条件，已跳过任务“AddToNativePackageTask”；('$(BuildSharedAssemblies)' == 'true')计算为('false' == 'true')。"
"Message",Low,"由于 false 条件，已跳过任务“AddToNativePackageTask”；('$(BuildSharedAssemblies)' == 'true' And '$(InternalFeatureSwitch_ILTableOfContents)' == 'true')计算为('false' == 'true' And 'true' == 'true')。"
"Message",Low,"由于 false 条件，已跳过任务“AddToNativePackageTask”；('$(BuildSharedAssemblies)' == 'true' And '$(InternalFeatureSwitch_ILTableOfContents)' == 'true')计算为('false' == 'true' And 'true' == 'true')。"
"Message",Low,"由于 false 条件，已跳过任务“AddToNativePackageTask”；('$(BuildSharedAssemblies)' == 'true' And '$(InternalFeatureSwitch_ILTableOfContents)' == 'true')计算为('false' == 'true' And 'true' == 'true')。"
"Message",Low,"由于 false 条件，已跳过任务“AddToNativePackageTask”；('$(BuildSharedAssemblies)' == 'true' And '$(InternalFeatureSwitch_ILTableOfContents)' == 'true')计算为('false' == 'true' And 'true' == 'true')。"
"Message",Low,"由于 false 条件，已跳过任务“AddToNativePackageTask”；('$(BuildSharedAssemblies)' == 'true')计算为('false' == 'true')。"
"Message",Low,"由于 false 条件，已跳过任务“AddToNativePackageTask”；('$(BuildSharedAssemblies)' == 'true')计算为('false' == 'true')。"
"Message",Low,"由于 false 条件，已跳过任务“AddToNativePackageTask”；('$(BuildSharedAssemblies)' == 'true')计算为('false' == 'true')。"
"Message",Low,"由于 false 条件，已跳过任务“AddToNativePackageTask”；('$(Pgi)'=='true')计算为('false'=='true')。"
"Message",Low,"由于 false 条件，已跳过任务“AddToNativePackageTask”；('$(BuildSharedAssemblies)' == 'true')计算为('false' == 'true')。"
"Message",Low,"由于 false 条件，已跳过任务“AddToNativePackageTask”；('$(BuildSharedAssemblies)' == 'true' And '$(InternalFeatureSwitch_ILTableOfContents)' == 'true')计算为('false' == 'true' And 'true' == 'true')。"
"Message",Low,"由于 false 条件，已跳过任务“AddToNativePackageTask”；('$(BuildSharedAssemblies)'=='true' and '@(SharedFrameworkReswFiles)' != '' And '$(InternalFeatureSwitch_ILTableOfContents)' == 'true')计算为('false'=='true' and '' != '' And 'true' == 'true')。"
"Message",Low,"由于 false 条件，已跳过任务“AddToNativePackageTask”；('$(UseFrameworkPackage)' != 'true' and '@(InputSharedLibrariesToCopy)' != '')计算为('False' != 'true' and '' != '')。"
"Message",Low,"已完成在项目“Unnamed_1”中生成目标“CopyNativeExecutablesToOutput”的操作。"
"Message",Low,"由于条件的计算结果为 false，已跳过目标“CopyExtractedResourcesToOutput”；(Exists('$(IntermediateResourcesPath)'))的计算结果为(Exists('C:\Users\LGB83\documents\visual studio 2015\Projects\kzhihu\kzhihuApp\obj\x86\Release\ilc\intermediate\Resources\'))。"
"Message",Low,"来自项目“C:\Users\LGB83\documents\visual studio 2015\Projects\kzhihu\kzhihuApp\Unnamed_1”的文件“C:\Program Files (x86)\MSBuild\Microsoft\.NetNative\x86\ilc\IlcInternals.targets”中的目标“TransformAppxManifestAndAddCrt”(目标“Build”依赖于它):"
"Message",Low,"正在使用程序集“C:\Program Files (x86)\MSBuild\Microsoft\.NetNative\x86\ilc\ilc.exe”中的“TransformAppxManifestTask”任务。"
"Message",Low,"任务“TransformAppxManifestTask”"
"Message",Low,"已完成执行任务“TransformAppxManifestTask”的操作。"
"Message",Low,"任务“AddToNativePackageTask”"
"Message",Low,"已完成执行任务“AddToNativePackageTask”的操作。"
"Message",Low,"由于 false 条件，已跳过任务“AddToNativePackageTask”；($(AddCrt))计算为(false)。"
"Message",Low,"由于 false 条件，已跳过任务“AddToNativePackageTask”；($(AddWin8Adapters))计算为(false)。"
"Message",Low,"由于 false 条件，已跳过任务“AddToNativePackageTask”；($(AddWin8Adapters))计算为(false)。"
"Message",Low,"由于 false 条件，已跳过任务“AddToNativePackageTask”；($(AddWin8Adapters))计算为(false)。"
"Message",Low,"由于 false 条件，已跳过任务“AddToNativePackageTask”；($(AddWin8Adapters))计算为(false)。"
"Message",Low,"由于 false 条件，已跳过任务“AddToNativePackageTask”；($(AddWin8Adapters))计算为(false)。"
"Message",Low,"由于 false 条件，已跳过任务“AddToNativePackageTask”；($(AddWin8Adapters))计算为(false)。"
"Message",Low,"由于 false 条件，已跳过任务“AddToNativePackageTask”；($(AddWin8Adapters))计算为(false)。"
"Message",Low,"已完成在项目“Unnamed_1”中生成目标“TransformAppxManifestAndAddCrt”的操作。"
"Message",Low,"由于条件的计算结果为 false，已跳过目标“MergeFrameworkReswFilesWithTheAppPriFile”；('@(AppResources)' != '' And '$(UseResKeysInsteadOfResStrings)' != 'true')的计算结果为('C:\Users\LGB83\documents\visual studio 2015\Projects\kzhihu\kzhihuApp\obj\x86\Release\ilc\in\resources.pri' != '' And 'true' != 'true')。"
"Message",Low,"来自项目“C:\Users\LGB83\documents\visual studio 2015\Projects\kzhihu\kzhihuApp\Unnamed_1”的文件“C:\Program Files (x86)\MSBuild\Microsoft\.NetNative\x86\ilc\IlcInternals.targets”中的目标“CopyPackageResourceFileInRetailBuild”(目标“Build”依赖于它):"
"Message",Low,"任务“AddToNativePackageTask”"
"Message",Low,"已完成执行任务“AddToNativePackageTask”的操作。"
"Message",Low,"已完成在项目“Unnamed_1”中生成目标“CopyPackageResourceFileInRetailBuild”的操作。"
"Message",Low,"来自项目“C:\Users\LGB83\documents\visual studio 2015\Projects\kzhihu\kzhihuApp\Unnamed_1”的文件“C:\Program Files (x86)\MSBuild\Microsoft\.NetNative\x86\ilc\IlcInternals.targets”中的目标“Build”(入口点):"
"Message",Low,"已完成在项目“Unnamed_1”中生成目标“Build”的操作。"
"Message",Low,"已完成生成项目“Unnamed_1”的操作。"
"Message",Low,"已成功生成。"
